{
    "0": {
        "high": {
            "js_divergence": 0.2377295338990077,
            "harmonic_mean": 0.005633078720182386,
            "ndcg": 0.005675016346312142,
            "arp": 0.006198882548739894,
            "poplift": -0.8739596558712498
        },
        "medium": {
            "js_divergence": 0.1555379501431553,
            "harmonic_mean": 0.015335962668061288,
            "ndcg": 0.015619624893373249,
            "arp": 0.006363449041052473,
            "poplift": -0.7920299789075161
        },
        "low": {
            "js_divergence": 0.06606898189404845,
            "harmonic_mean": 0.02042764010328002,
            "ndcg": 0.02088444025338074,
            "arp": 0.00691904422253923,
            "poplift": -0.4715008892302915
        },
        "all": {
            "js_divergence": 0.14781205437499298,
            "harmonic_mean": 0.01443494424019752,
            "ndcg": 0.014683666255962523,
            "arp": 0.006441654778887303,
            "poplift": -0.7443100963648188
        }
    },
    "0.1": {
        "high": {
            "js_divergence": 0.21402258793310242,
            "harmonic_mean": 0.0072191880328256195,
            "ndcg": 0.007286110826376769,
            "arp": 0.00669127436994769,
            "poplift": -0.8633252340812412
        },
        "medium": {
            "js_divergence": 0.13690216738661232,
            "harmonic_mean": 0.017796078742424178,
            "ndcg": 0.01817073834434298,
            "arp": 0.006764820098272317,
            "poplift": -0.7793493973647877
        },
        "low": {
            "js_divergence": 0.05776510939210217,
            "harmonic_mean": 0.022310216647181514,
            "ndcg": 0.022851288955527307,
            "arp": 0.007323585354255826,
            "poplift": -0.44466767723453426
        },
        "all": {
            "js_divergence": 0.13063958325558173,
            "harmonic_mean": 0.0166065274810644,
            "ndcg": 0.016929922962986593,
            "arp": 0.006861864003804096,
            "poplift": -0.7292082206820285
        }
    },
    "0.3": {
        "high": {
            "js_divergence": 0.17573071165287263,
            "harmonic_mean": 0.009079183240563678,
            "ndcg": 0.009180302682273482,
            "arp": 0.007475154541131707,
            "poplift": -0.8472529141032973
        },
        "medium": {
            "js_divergence": 0.11007770872786786,
            "harmonic_mean": 0.020529813645589402,
            "ndcg": 0.021014604185154755,
            "arp": 0.007451101600887626,
            "poplift": -0.75706809254274
        },
        "low": {
            "js_divergence": 0.04444313982906807,
            "harmonic_mean": 0.023837446655811296,
            "ndcg": 0.024447312517599983,
            "arp": 0.00786103185924869,
            "poplift": -0.4100223985921631
        },
        "all": {
            "js_divergence": 0.10478895031504715,
            "harmonic_mean": 0.0189255419017724,
            "ndcg": 0.019334285551067542,
            "arp": 0.00753789824060866,
            "poplift": -0.7056959180647362
        }
    },
    "0.5": {
        "high": {
            "js_divergence": 0.13442700947355235,
            "harmonic_mean": 0.010945483965636986,
            "ndcg": 0.011085666230216942,
            "arp": 0.00842415596766523,
            "poplift": -0.8288520509260724
        },
        "medium": {
            "js_divergence": 0.08256880423266491,
            "harmonic_mean": 0.021640066161800194,
            "ndcg": 0.022162835865596326,
            "arp": 0.008139087018544934,
            "poplift": -0.7347968810561324
        },
        "low": {
            "js_divergence": 0.031226628671180957,
            "harmonic_mean": 0.024284801150393033,
            "ndcg": 0.02490921481249031,
            "arp": 0.008432477413219217,
            "poplift": -0.3671745334602375
        },
        "all": {
            "js_divergence": 0.0781324621619981,
            "harmonic_mean": 0.02005086941839222,
            "ndcg": 0.020496677727899256,
            "arp": 0.008254778887303865,
            "poplift": -0.6800834455109417
        }
    },
    "0.7": {
        "high": {
            "js_divergence": 0.0815640889802057,
            "harmonic_mean": 0.012101918298363084,
            "ndcg": 0.012263510413054153,
            "arp": 0.009895387541607226,
            "poplift": -0.7990555029448292
        },
        "medium": {
            "js_divergence": 0.052644364309925265,
            "harmonic_mean": 0.024104385509463037,
            "ndcg": 0.024733706510301268,
            "arp": 0.009286099223331748,
            "poplift": -0.6981135219492354
        },
        "low": {
            "js_divergence": 0.019246550384368705,
            "harmonic_mean": 0.02564062210718034,
            "ndcg": 0.02632896120504196,
            "arp": 0.009040893961008092,
            "poplift": -0.3271146769349334
        },
        "all": {
            "js_divergence": 0.04866068365197247,
            "harmonic_mean": 0.02203618327223421,
            "ndcg": 0.02255871822979998,
            "arp": 0.009358915834522107,
            "poplift": -0.6441021491454932
        }
    },
    "0.9": {
        "high": {
            "js_divergence": 0.01929998645080013,
            "harmonic_mean": 0.016174429698003506,
            "ndcg": 0.016445663743461462,
            "arp": 0.012705777460770323,
            "poplift": -0.7426184765195608
        },
        "medium": {
            "js_divergence": 0.015439039418786053,
            "harmonic_mean": 0.026073591244494352,
            "ndcg": 0.026782867320667817,
            "arp": 0.011277262640672053,
            "poplift": -0.6341039332270212
        },
        "low": {
            "js_divergence": 0.004835095279346915,
            "harmonic_mean": 0.026742850527894657,
            "ndcg": 0.027481350907208574,
            "arp": 0.010735615786970994,
            "poplift": -0.21561093684480848
        },
        "all": {
            "js_divergence": 0.013065917732444319,
            "harmonic_mean": 0.024244544407514432,
            "ndcg": 0.02485512332253469,
            "arp": 0.011454636233951467,
            "poplift": -0.572108242609087
        }
    },
    "1": {
        "high": {
            "js_divergence": 0.0014061630580428867,
            "harmonic_mean": 0.017987572897623063,
            "ndcg": 0.018317524673999514,
            "arp": 0.014873038516405137,
            "poplift": -0.6986048819415304
        },
        "medium": {
            "js_divergence": 0.0011165138068598831,
            "harmonic_mean": 0.028225950191984848,
            "ndcg": 0.029046738404810778,
            "arp": 0.01322035980345538,
            "poplift": -0.5712236741251749
        },
        "low": {
            "js_divergence": 0.0005344051931235388,
            "harmonic_mean": 0.027221841585213305,
            "ndcg": 0.027984025612454364,
            "arp": 0.011918449833571095,
            "poplift": -0.1371146830584291
        },
        "all": {
            "js_divergence": 0.0009612458961284244,
            "harmonic_mean": 0.02599394989468795,
            "ndcg": 0.026688353100177233,
            "arp": 0.013290513552068487,
            "poplift": -0.5098781174750978
        }
    }
}