{
    "0": {
        "high": {
            "js_divergence": 0.1499357668232778,
            "harmonic_mean": 0.18460891775492586,
            "ndcg": 0.23582265326028165,
            "arp": 0.12859070375653822,
            "poplift": 1.6424210090021136
        },
        "medium": {
            "js_divergence": 0.22827636685639302,
            "harmonic_mean": 0.13290170198137471,
            "ndcg": 0.1605508190951398,
            "arp": 0.1339675859882708,
            "poplift": 3.416122006939684
        },
        "low": {
            "js_divergence": 0.3384245617138011,
            "harmonic_mean": 0.029251261979312174,
            "ndcg": 0.030604422841165865,
            "arp": 0.15479255825011887,
            "poplift": 10.78372064435138
        },
        "all": {
            "js_divergence": 0.23119260789523083,
            "harmonic_mean": 0.1252427014673409,
            "ndcg": 0.14961590667737393,
            "arp": 0.13705720399429408,
            "poplift": 4.534901534834505
        }
    },
    "0.1": {
        "high": {
            "js_divergence": 0.1499357668232778,
            "harmonic_mean": 0.18460891775492586,
            "ndcg": 0.23582265326028165,
            "arp": 0.12859070375653822,
            "poplift": 1.6424210090021136
        },
        "medium": {
            "js_divergence": 0.22827636685639302,
            "harmonic_mean": 0.13290170198137471,
            "ndcg": 0.1605508190951398,
            "arp": 0.1339675859882708,
            "poplift": 3.416122006939684
        },
        "low": {
            "js_divergence": 0.3384245617138011,
            "harmonic_mean": 0.029294009256723787,
            "ndcg": 0.03065121973125919,
            "arp": 0.15479255825011887,
            "poplift": 10.78372064435138
        },
        "all": {
            "js_divergence": 0.23119260789523083,
            "harmonic_mean": 0.12524925977639667,
            "ndcg": 0.1496252660553926,
            "arp": 0.13705720399429408,
            "poplift": 4.534901534834505
        }
    },
    "0.3": {
        "high": {
            "js_divergence": 0.1499357668232778,
            "harmonic_mean": 0.18460891775492586,
            "ndcg": 0.23582265326028165,
            "arp": 0.12859070375653822,
            "poplift": 1.6424210090021136
        },
        "medium": {
            "js_divergence": 0.22732136937679065,
            "harmonic_mean": 0.13292999602756544,
            "ndcg": 0.1605508190951398,
            "arp": 0.13394832778570304,
            "poplift": 3.4153836493759253
        },
        "low": {
            "js_divergence": 0.3384245617138011,
            "harmonic_mean": 0.029559098606661807,
            "ndcg": 0.03094156335572413,
            "arp": 0.15479255825011887,
            "poplift": 10.78372064435138
        },
        "all": {
            "js_divergence": 0.23068142196177377,
            "harmonic_mean": 0.12530351532786219,
            "ndcg": 0.1496833347802856,
            "arp": 0.13704564907275343,
            "poplift": 4.5344585202962495
        }
    },
    "0.5": {
        "high": {
            "js_divergence": 0.1499357668232778,
            "harmonic_mean": 0.18460891775492586,
            "ndcg": 0.23582265326028165,
            "arp": 0.12859070375653822,
            "poplift": 1.6424210090021136
        },
        "medium": {
            "js_divergence": 0.21783175998047477,
            "harmonic_mean": 0.13315064141731306,
            "ndcg": 0.16046745585813096,
            "arp": 0.1337686241876685,
            "poplift": 3.4089133492832375
        },
        "low": {
            "js_divergence": 0.3257870218642738,
            "harmonic_mean": 0.028789632214111315,
            "ndcg": 0.030073817126636093,
            "arp": 0.15440727532097,
            "poplift": 10.73709033676084
        },
        "all": {
            "js_divergence": 0.22235284685812895,
            "harmonic_mean": 0.12536521967211067,
            "ndcg": 0.1494597675922627,
            "arp": 0.13686077032810293,
            "poplift": 4.521250278722531
        }
    },
    "0.7": {
        "high": {
            "js_divergence": 0.0772494033106301,
            "harmonic_mean": 0.18654005074767432,
            "ndcg": 0.23380532115810482,
            "arp": 0.125302068473609,
            "poplift": 1.5728475265687458
        },
        "medium": {
            "js_divergence": 0.11920349763539301,
            "harmonic_mean": 0.13336543506670834,
            "ndcg": 0.157162063342856,
            "arp": 0.12874159930258375,
            "poplift": 3.240527603357488
        },
        "low": {
            "js_divergence": 0.1951773094523071,
            "harmonic_mean": 0.028922091085369847,
            "ndcg": 0.03000017680064071,
            "arp": 0.14723953875416076,
            "poplift": 10.16183937563742
        },
        "all": {
            "js_divergence": 0.12334790055780802,
            "harmonic_mean": 0.125933072215323,
            "ndcg": 0.14705833759746323,
            "arp": 0.13175328102710418,
            "poplift": 4.291253942455735
        }
    },
    "0.9": {
        "high": {
            "js_divergence": 0.03441930976632422,
            "harmonic_mean": 0.18106974026558875,
            "ndcg": 0.22286170102940153,
            "arp": 0.121007013789824,
            "poplift": 1.4847690754723952
        },
        "medium": {
            "js_divergence": 0.06217468538378887,
            "harmonic_mean": 0.1283238025848588,
            "ndcg": 0.14866594903559946,
            "arp": 0.12320403391979726,
            "poplift": 3.0543150171193925
        },
        "low": {
            "js_divergence": 0.0891044626903407,
            "harmonic_mean": 0.029650898892413475,
            "ndcg": 0.03064855126588739,
            "arp": 0.13525011887779367,
            "poplift": 9.06014566067306
        },
        "all": {
            "js_divergence": 0.06035832871516772,
            "harmonic_mean": 0.12177130180485594,
            "ndcg": 0.13990161988041785,
            "arp": 0.12517384688540176,
            "poplift": 3.9415719575007224
        }
    },
    "1": {
        "high": {
            "js_divergence": 0.014941145198295334,
            "harmonic_mean": 0.17817726308375545,
            "ndcg": 0.21752273509089876,
            "arp": 0.11676997146932952,
            "poplift": 1.3965987859248006
        },
        "medium": {
            "js_divergence": 0.03887557182277094,
            "harmonic_mean": 0.12564980917074578,
            "ndcg": 0.14454670224862196,
            "arp": 0.11888587731811713,
            "poplift": 2.902226817202126
        },
        "low": {
            "js_divergence": 0.048361360889949065,
            "harmonic_mean": 0.02817655268462455,
            "ndcg": 0.02903627192254427,
            "arp": 0.12465656205420837,
            "poplift": 7.9484097417515525
        },
        "all": {
            "js_divergence": 0.03434995815998251,
            "harmonic_mean": 0.11924123544597469,
            "ndcg": 0.1360398227518622,
            "arp": 0.11961683309557786,
            "poplift": 3.610337795856544
        }
    }
}