{
    "0": {
        "high": {
            "js_divergence": 0.14139094827592164,
            "harmonic_mean": 0.19444177821768682,
            "ndcg": 0.2513666021658097,
            "arp": 0.10889479315263906,
            "poplift": 1.2302403933251203
        },
        "medium": {
            "js_divergence": 0.19677010883153548,
            "harmonic_mean": 0.14852853719168332,
            "ndcg": 0.18222439901677379,
            "arp": 0.10088639245522263,
            "poplift": 2.2976767211631395
        },
        "low": {
            "js_divergence": 0.1536893737873347,
            "harmonic_mean": 0.04982098178109412,
            "ndcg": 0.05293731887723242,
            "arp": 0.07949774132192101,
            "poplift": 4.32986287921207
        },
        "all": {
            "js_divergence": 0.1634119739478535,
            "harmonic_mean": 0.1414241101547793,
            "ndcg": 0.17019542361867326,
            "arp": 0.09821034236804572,
            "poplift": 2.490626687205321
        }
    },
    "0.1": {
        "high": {
            "js_divergence": 0.1404258946240522,
            "harmonic_mean": 0.1944912277597373,
            "ndcg": 0.2513666021658097,
            "arp": 0.10888124108416546,
            "poplift": 1.2299193117873086
        },
        "medium": {
            "js_divergence": 0.195820510619282,
            "harmonic_mean": 0.14847623021116202,
            "ndcg": 0.18209691247776852,
            "arp": 0.10085766365509581,
            "poplift": 2.2961348971436215
        },
        "low": {
            "js_divergence": 0.15174958236591965,
            "harmonic_mean": 0.049836031028434855,
            "ndcg": 0.052946733979600286,
            "arp": 0.07943461721350446,
            "poplift": 4.325114372838968
        },
        "all": {
            "js_divergence": 0.1622547823453469,
            "harmonic_mean": 0.1414055979408694,
            "ndcg": 0.17012081471574367,
            "arp": 0.0981777698525916,
            "poplift": 2.488687675211427
        }
    },
    "0.3": {
        "high": {
            "js_divergence": 0.1404258946240522,
            "harmonic_mean": 0.19450796063648945,
            "ndcg": 0.2513945531208918,
            "arp": 0.10888124108416546,
            "poplift": 1.2299193117873086
        },
        "medium": {
            "js_divergence": 0.1923626603763155,
            "harmonic_mean": 0.14857595502327706,
            "ndcg": 0.18207027729261,
            "arp": 0.10081145981930566,
            "poplift": 2.294058972521702
        },
        "low": {
            "js_divergence": 0.1432712784930159,
            "harmonic_mean": 0.049420625819848955,
            "ndcg": 0.05244598660772349,
            "arp": 0.07902246790299573,
            "poplift": 4.292048301304191
        },
        "all": {
            "js_divergence": 0.15794452327892067,
            "harmonic_mean": 0.1414513656288146,
            "ndcg": 0.17001027432128962,
            "arp": 0.0980676176890158,
            "poplift": 2.4808289061313196
        }
    },
    "0.5": {
        "high": {
            "js_divergence": 0.136833595097269,
            "harmonic_mean": 0.1946913096743244,
            "ndcg": 0.2513945531208918,
            "arp": 0.10882834046600093,
            "poplift": 1.2287454637606157
        },
        "medium": {
            "js_divergence": 0.17953423847646147,
            "harmonic_mean": 0.14904779798317738,
            "ndcg": 0.18213485744535488,
            "arp": 0.10046833888096356,
            "poplift": 2.2811330423688023
        },
        "low": {
            "js_divergence": 0.12777327258957613,
            "harmonic_mean": 0.04916383271478463,
            "ndcg": 0.05210052499284091,
            "arp": 0.07808594864479315,
            "poplift": 4.221016111732857
        },
        "all": {
            "js_divergence": 0.14687855067714906,
            "harmonic_mean": 0.14173915433226303,
            "ndcg": 0.16997993008996007,
            "arp": 0.09766386115073705,
            "poplift": 2.458632140519976
        }
    },
    "0.7": {
        "high": {
            "js_divergence": 0.12244817385664092,
            "harmonic_mean": 0.19502284846630044,
            "ndcg": 0.2507478252333755,
            "arp": 0.1084917974322396,
            "poplift": 1.2201509849316263
        },
        "medium": {
            "js_divergence": 0.1298627827362155,
            "harmonic_mean": 0.14792062761567115,
            "ndcg": 0.17821695753641548,
            "arp": 0.09863789824060858,
            "poplift": 2.2159256228296216
        },
        "low": {
            "js_divergence": 0.090038738453416,
            "harmonic_mean": 0.04782258342731584,
            "ndcg": 0.05047528831541064,
            "arp": 0.07509854969091774,
            "poplift": 4.012607277435379
        },
        "all": {
            "js_divergence": 0.10975620166097615,
            "harmonic_mean": 0.14074494915961702,
            "ndcg": 0.16717479723160716,
            "arp": 0.09590080836899662,
            "poplift": 2.3761070261711783
        }
    },
    "0.9": {
        "high": {
            "js_divergence": 0.059417838204611176,
            "harmonic_mean": 0.19288020341931872,
            "ndcg": 0.24263635619425364,
            "arp": 0.10524726581074653,
            "poplift": 1.1501491174737786
        },
        "medium": {
            "js_divergence": 0.05739000644595421,
            "harmonic_mean": 0.1416109944762297,
            "ndcg": 0.1666468232096419,
            "arp": 0.09266520050721198,
            "poplift": 2.0169207171815344
        },
        "low": {
            "js_divergence": 0.035594494161692095,
            "harmonic_mean": 0.04164045748980481,
            "ndcg": 0.0435195140308642,
            "arp": 0.06806787922016172,
            "poplift": 3.510245695553655
        },
        "all": {
            "js_divergence": 0.04827766218542662,
            "harmonic_mean": 0.1349296378475249,
            "ndcg": 0.15721926797080915,
            "arp": 0.09026214931050883,
            "poplift": 2.1422313929144097
        }
    },
    "1": {
        "high": {
            "js_divergence": 0.03072438441451987,
            "harmonic_mean": 0.18843341197735775,
            "ndcg": 0.23390630084703834,
            "arp": 0.10143164526866374,
            "poplift": 1.0633211832714544
        },
        "medium": {
            "js_divergence": 0.014431734703869584,
            "harmonic_mean": 0.1349914410917633,
            "ndcg": 0.15641536030691072,
            "arp": 0.08304196386115079,
            "poplift": 1.6938789970096895
        },
        "low": {
            "js_divergence": 0.002562224677547277,
            "harmonic_mean": 0.036735409914884505,
            "ndcg": 0.038140101305481934,
            "arp": 0.054873989538754143,
            "poplift": 2.5989628058840957
        },
        "all": {
            "js_divergence": 0.010188322415292344,
            "harmonic_mean": 0.12894458933832678,
            "ndcg": 0.14825849661465093,
            "arp": 0.08108630527817413,
            "poplift": 1.7487841960369215
        }
    }
}