{
    "test_result": {
        "recall@10": 0.01464,
        "ndcg@10": 0.01368,
        "precision@10": 0.0116,
        "map@10": 0.0056
    }
}