precision,recall,ndcg,map
0.10387,0.11124,0.13374,0.07447
