{
    "test_result": {
        "recall@10": 0.11124,
        "ndcg@10": 0.13374,
        "precision@10": 0.10387,
        "map@10": 0.07447
    }
}